label	source	target	cue	pattern	sentence	verdict
foe	Coldblood	Deathlok	battles	verb+object	Coldblood hunts down and battles fellow cyborg Deathlok (Michael Collins) in Paris.	yes
foe	Jack_Monroe_(character)	Bucky_(Marvel_Comics)	kills	verb+object	"In Captain America #232–236 (April–August 1979) — by writers Roger McKenzie, Jim Shooter and Michael Fleisher and artist Sal Buscema — ""Captain America"" is revived and brainwashed into becoming the fascistic ""Grand Director"", who shoots and apparently kills his former partner Bucky and later apparently commits suicide."	no
foe	Shuri_(character)	Radioactive_Man_(comics)	defeat	verb+object	During an attack on Wakanda by Klaw and a group of his mercenaries, she uses the Ebony Blade to defeat Radioactive Man, killing him in the process.	yes
foe	Solo_(Marvel_Comics)	Hulk	defeat	verb+object	When the Sinister Six reform and defeat both Spider-Man and the Hulk, Solo aids the web-slinger in his second fight against the super villain team.	no
foe	Cloak_and_Dagger_(characters)	Anole_(character)	fights	verb+object	With the help of X-Men Anole and Dr. Nemesis, she fights off his captors whereupon Tia reveals that she has powers as well and has been brainwashed to hate them.	no
foe	Ghost_Rider	Killraven	battled	verb+object	When battling his father's killers, he accepted the offer and became Ghost Panther and battled Erik Killraven (fusion of Erik Killmonger and Killraven) while riding a burning black panther.	yes
foe	Werewolf_by_Night	Moon_Knight	attacking	verb+object	The Moon Knight frees Jack, who has degenerated into a near-mindless feral state, from his captors; the Werewolf proceeds to go on a rampage, attacking both his tormentors and the Moon Knight, who subdues him before restoring his freedom to him.	yes
foe	Nova_(Richard_Rider)	Powerhouse_(Marvel_Comics)	fighting	verb+object	Calling himself Nova, Rider becomes a superhero, fighting costumed supervillains such as the Condor, Powerhouse, Diamondhead, the Corruptor, and the Sphinx, and teaming with heroes such as Spider-Man and Thor.	yes
foe	Rockslide_(character)	Hulk	battle	verb+object	"World War Hulk During the ""World War Hulk"" storyline, Rockslide is one of the students who battle the Hulk when he attacks the institute."	yes
foe	Paladin_(comics)	Misty_Knight	opponent	appos/compound/copula	His main opponent was Misty Knight, who seemed to be an equal match.	yes
foe	Guardian_(Marvel_Comics)	Puck_(Marvel_Comics)	kills	verb+object	In New Avengers, Alpha Flight is attacked by the Collective, who kills Guardian, Vindicator, Shaman, and Puck.	no
foe	Abomination_(character)	Hulk	defeated	verb+object	In accordance with Lee's wishes, the character defeated the Hulk in their first battle.	yes
foe	Blade_(character)	Morbius	fought	verb+object	Outside The Tomb of Dracula, he fought the scientifically-created vampire Morbius the Living Vampire in the latter's series in Adventure into Fear #24 (Oct. 1974), in a story written by Steve Gerber and penciled by P. Craig Russell.	yes
foe	Cloak_and_Dagger_(characters)	Hulk	battled	verb+object	Cloak and Dagger battled Hydro-Man, the second Jester, the Hulk android, Rock, and Fenris alongside the Avengers.	yes
foe	Hit-Monkey	Deadpool	kill	verb+object	After killing some dirty cops, Hit-Monkey follows Spider-Man in order to find and kill Deadpool.	yes
foe	Northstar_(character)	Storm_(Marvel_Comics)	attacking	verb+object	Northstar is seen in a panel of Marvel Zombies: Dead Days attacking the X-Man Storm alongside his sister Aurora, only to be killed by Magneto.	yes
foe	Black_Bolt	Hulk	battle	verb+object	Black Bolt and the Royal Family aid the hero Spider-Man against the time-traveling villain Kang the Conqueror, and is forced to again battle the Hulk, teams with the Fantastic Four and the Avengers against the threat of the robot Ultron, and again allies with the Fantastic Four against the fifth-dimensional villain Xemu.	yes
foe	Werewolf_by_Night	Morbius	battling	verb+object	After battling Morbius, the Living Vampire and slaying the demon worshipped by Brad Wrangle, the Werewolf was briefly transported to the divided dimension Biphasia by Satanist Joaquin Zaire where he aided Paingloss against the sorcerer Sardanus.	yes
foe	Spider-Man	Venom_(character)	enemy	appos/compound/copula	At the end of the decade, this costume was revealed to be a symbiote which became a prominent new enemy, Venom.	yes
foe	Venom_(character)	Eddie_Brock	battled	verb+object	As Spider-Man's fighting style is partly dependent on his spider-sense, his effectiveness was somewhat hampered when he battled Eddie Brock.	no
ally	Shamrock_(comics)	Black_Panther_(character)	alongside	alongside	Shamrock was chosen for Death's team, fighting alongside fellow heroes Peregrine, Iron Man, Vanguard, Iron Fist, Storm, Arabian Knight, Sabra, Invisible Woman, Angel, Black Panther, Sunfire, and the Collective Man.	yes
ally	Noh-Varr	Nova_(Richard_Rider)	alongside	alongside	In 2020, Marvel Boy was featured as a member of a new Guardians of the Galaxy team alongside Star-Lord, Rocket Raccoon, Moondragon, Phyla-Vell, Hercules and Nova.	yes
ally	Shamrock_(comics)	Arabian_Knight_(character)	alongside	alongside	Shamrock was chosen for Death's team, fighting alongside fellow heroes Peregrine, Iron Man, Vanguard, Iron Fist, Storm, Arabian Knight, Sabra, Invisible Woman, Angel, Black Panther, Sunfire, and the Collective Man.	yes
ally	Iron_Man_(Ultimate_Marvel_character)	Black_Widow_(Natasha_Romanova)	alongside	alongside	Stark joins Nick Fury's latest Ultimates roster alongside Thor, Spider-Woman, Hawkeye, Black Widow and Falcon.	yes
ally	Doom_2099	Deathlok	alongside	alongside	He travels to the present alongside Bishop, Cosmic Ghost Rider, Deathlok, Maestro, Old Man Logan, and Phoenix in an attempt to make the present-day Doctor Doom relinquish his position as Sorcerer Supreme.	yes
ally	Luke_Cage	Misty_Knight	alongside	alongside	Cage worked alongside Storm, Misty Knight, and Manifold.	yes
ally	Hellion_(character)	Emma_Frost	mentor	appos/compound/copula	In the process, Osborn forms his own team of X-Men led by Hellion's former mentor, Emma Frost, and institutes a curfew on the city.	yes
ally	Jessica_Jones	Doctor_Strange	Alongside	alongside	Alongside Cloak and Dagger, Doctor Strange, and Spider-Woman, she fought the Army of Evil during Hydra's rise to power where they were defeated by Nitro.	yes
ally	Jessica_Jones	Iron_Fist_(character)	alongside	alongside	"During the ""Secret Empire"" storyline, Jessica became a member of the Defenders alongside Daredevil, Iron Fist, and Luke Cage."	yes
ally	Union_Jack_(Marvel_Comics)	Spitfire_(character)	teammate	appos/compound/copula	For a time, Chapman became romantically involved with his New Invaders teammate, Spitfire (Kenneth's mother).	yes
ally	Luke_Cage	Iron_Fist_(character)	alongside	alongside	Brian Michael Bendis wrote The Defenders with artist David Marquez in 2017, placing Cage in a team alongside Iron Fist, Jessica Jones, and Daredevil to coincide with the television adaptations of these characters.	yes
ally	Snapdragon_(Morituri)	Vyking	teammate	appos/compound/copula	Instead, her powers surfaced when her panicked teammate, Vyking, snapped out and accused their Commander, Beth Nion, of trying to kill them, seeing how she had not aborted the test sequence, despite the other members of the team almost dying in the process.	yes
ally	Noh-Varr	Star-Lord	alongside	alongside	In 2020, Marvel Boy was featured as a member of a new Guardians of the Galaxy team alongside Star-Lord, Rocket Raccoon, Moondragon, Phyla-Vell, Hercules and Nova.	yes
ally	Rocket_Raccoon	Ch'od	friend	appos/compound/copula	They are unable to teleport into Emperor Vulcan's flagship and have to be rescued by the Starjammers and Rocket's old friend Ch'od.	yes
ally	Betsy_Braddock	Northstar_(character)	alongside	alongside	In this world, Betsy acted as a law enforcer for Department X alongside Iceman, Jubilee, Northstar, and Blob, with whom she developed a special friendship.	yes
ally	Shang-Chi	Silk_(character)	alongside	alongside	He became a recurring member of Jimmy Woo's Agents of Atlas and its successor team, the New Agents of Atlas, alongside heroes including Kamala Khan, Silk, Amadeus Cho, White Fox, Wave, Aero, Luna Snow, Crescent, Io, and S.H.I.E.L.D. agent Jake Oh.	yes
ally	Jessica_Jones	Cloak_and_Dagger_(characters)	Alongside	alongside	Alongside Cloak and Dagger, Doctor Strange, and Spider-Woman, she fought the Army of Evil during Hydra's rise to power where they were defeated by Nitro.	yes
ally	Betsy_Braddock	Surge_(Marvel_Comics)	teammate	appos/compound/copula	Later in Quebec, while stopping Nuklo from opening a nexus, teammate Surge sacrificed herself to seal the rift, deepening tensions within the team.	yes
ally	Quicksilver_(Marvel_Comics)	Synapse_(character)	teammate	appos/compound/copula	During this period, while serving with the Avengers Unity Squad alongside his sister, Pietro also develops feelings for his teammate Synapse, though his recklessness ultimately leads to her injury at the hands of the Juggernaut.	yes
ally	Patsy_Walker	Jessica_Jones	friend	R of M	This version is a former child star of the in-universe television series It's Patsy, the best friend of Jessica Jones, the host of the radio show Trish Talk, and the daughter of Dorothy Walker.	yes
family	Jean_Grey_(X-Men_film_series)	Cyclops_(Marvel_Comics)	fiancé	appos/compound/copula	X-Men member In the 2000's, Jean (Famke Janssen) serves as a member of the X-Men, who has a complicated relationship with Logan / Wolverine (Hugh Jackman), despite her love for her fiancé Scott Summers / Cyclops (James Marsden).	yes
family	Yelena_Belova	Black_Widow_(Natasha_Romanova)	sister	R of M	Pugh's version is depicted as the adopted sister of Natasha Romanoff / Black Widow, and the adopted daughter of Alexei Shostakov / Red Guardian and Melina Vostokoff.	yes
family	Rachel_Summers	Vulcan_(Marvel_Comics)	uncle	appos/compound/copula	Rise and Fall of the Shi'ar Empire After Rachel is kidnapped, along with Cyclops, by her paternal uncle Vulcan, he frees Darwin from inside him.	yes
family	Cyclops_(Marvel_Comics)	Vulcan_(Marvel_Comics)	brother	appos/compound/copula	X-Men: Deadly Genesis #1 (January 2006) introduces Vulcan, the younger brother of Cyclops and Havok, who was enslaved by the Shi'ar and raised in secret by Moira MacTaggert.	yes
family	Spider-Girl	Mayday_Parker	daughter	appos/compound/copula	In other media Film Several incarnations of Spider-Girl appear in Spider-Man: Across the Spider-Verse (2023): Mayday Parker, the infant daughter of Peter B. Parker and Mary Jane Parker of Earth-616B. Mayday Parker, an adult with Heterochromia iridum operating as Spider-Girl and a member of Miguel O'Hara's Spider-Society.	no
family	Venom_(character)	Anne_Weying	wife	appos/compound/copula	When Spider-Man helps Venom save Brock's ex-wife Anne Weying, the two form a temporary truce, though this falls apart after Weying's suicide.	yes
family	She-Hulk	Luke_Cage	dating	verb+object	Later, while doing legal work for Heroes for Hire, She-Hulk spent some time dating Luke Cage.	yes
family	Karnak_(character)	Black_Bolt	Cousin	R of M	Cousin of Black Bolt, king of the Inhumans, Karnak has the ability to find the weak point in any person, plan, or object.	yes
family	Betsy_Braddock	Brian_Braddock	sister	R of M	"Introduced as the precognitive twin sister of Brian Braddock, Betsy is later established as a mutant, a subspecies of humans in the Marvel Universe born with an ""X-gene"" that grants superhuman abilities."	yes
family	Misty_Knight	Bill_Foster_(character)	son	appos/compound/copula	In Marvel Comics, preceding characters were Gabe Jones (debuted in 1963), Black Panther (1966), Bill Foster (1966), Spider-Man supporting characters Joe Robertson (1967), his son Randy Robertson (1968), Hobie Brown (the Prowler) and Falcon (both 1969), Luke Cage (1972), Blade (1973), and Abe Brown (1974).	no
family	Vulcan_(Marvel_Comics)	Cyclops_(Marvel_Comics)	child	R of M	Fictional character biography Origins Vulcan is the unborn child of Christopher Summers (later known as Corsair) and Katherine Summers, parents of Cyclops and Havok.	yes
family	Whizzer_(Robert_Frank)	Scarlet_Witch	father	R of M	At the end of this adventure, the Whizzer erroneously believes himself to be the father of Quicksilver and Scarlet Witch.	yes
family	Rachel_Summers	Cyclops_(Marvel_Comics)	daughter	R of M	In her first appearance, the character's surname was not revealed; in later appearances, she was established as the daughter of the alternate future counterparts to Cyclops and Jean Grey-Summers from the dystopian Days of Future Past timeline.	yes
family	Captain_Marvel_(Marvel_Comics)	Genis-Vell	son	appos/compound/copula	Genis-Vell is the genetically engineered son of Mar-Vell and his lover Elysius, created from the late Mar-Vell's cell samples and artificially aged to physical, if not emotional, maturity.	yes
family	Phyla-Vell	Genis-Vell	sister	R of M	Phyla-Vell is the daughter of superhero Mar-Vell and the sister of Genis-Vell.	yes
family	She-Hulk	Hulk	cousin	R of M	Fictional character biography The Savage She-Hulk Jennifer Walters, the cousin of Bruce Banner (Hulk), is the small and somewhat shy daughter of Los Angeles County Sheriff William Morris Walters and Elaine (née Banner) Walters (who died in a car crash when Jennifer was 17).	yes
family	Ruby_Summers	Emma_Frost	daughter	R of M	Fictional character biography Ruby is the daughter of Scott Summers and Emma Frost from the dystopian alternate future Earth-1191.	yes
family	Cyclops_(Marvel_Comics)	Cable_(character)	mother	R of M	Other significant love interests include his ex-wife Madelyne Pryor—a clone of Jean and mother of his son Cable—and fellow X-Man Emma Frost.	yes
family	Speed_(character)	Franklin_Richards_(character)	child	appos/compound/copula	Fictional character biography Thomas Maximoff Thomas and William were twins, with Tommy being the older of the two, Thomas and William supposedly born to Scarlet Witch and Vision; in reality, Scarlet Witch used her reality warping powers to create twin sons, unknowingly, from two of five scattered fragments of the soul of the demon Mephisto that were previously lost to him in an ill-fated encounte	no
family	Scarlet_Witch	Whizzer_(Robert_Frank)	child	R of M	Wanda’s parentage has shifted in different accounts: she was at times said to be the child of the Golden Age heroes Whizzer and Miss America, before later stories established her as the daughter of the Roma sorceress Natalya Maximoff, a previous Scarlet Witch, and the niece of Django Maximoff and Marya Maximoff.	yes
